country_tag,code,flag
en:france,FR,ğŸ‡«ğŸ‡·
en:united-states,US,ğŸ‡ºğŸ‡¸
en:spain,ES,ğŸ‡ªğŸ‡¸
en:germany,DE,ğŸ‡©ğŸ‡ª
en:italy,IT,ğŸ‡®ğŸ‡¹
en:united-kingdom,GB,ğŸ‡¬ğŸ‡§
en:canada,CA,ğŸ‡¨ğŸ‡¦
en:switzerland,CH,ğŸ‡¨ğŸ‡­
en:belgium,BE,ğŸ‡§ğŸ‡ª
en:ireland,IE,ğŸ‡®ğŸ‡ª
en:australia,AU,ğŸ‡¦ğŸ‡º
en:netherlands,NL,ğŸ‡³ğŸ‡±
en:brazil,BR,ğŸ‡§ğŸ‡·
en:morocco,MA,ğŸ‡²ğŸ‡¦
en:poland,PL,ğŸ‡µğŸ‡±
en:russia,RU,ğŸ‡·ğŸ‡º
en:japan,JP,ğŸ‡¯ğŸ‡µ
en:norway,NO,ğŸ‡³ğŸ‡´
en:romania,RO,ğŸ‡·ğŸ‡´
en:austria,AT,ğŸ‡¦ğŸ‡¹
en:sweden,SE,ğŸ‡¸ğŸ‡ª
en:portugal,PT,ğŸ‡µğŸ‡¹
en:czech-republic,CZ,ğŸ‡¨ğŸ‡¿
en:india,IN,ğŸ‡®ğŸ‡³
en:finland,FI,ğŸ‡«ğŸ‡®
en:mexico,MX,ğŸ‡²ğŸ‡½
en:bulgaria,BG,ğŸ‡§ğŸ‡¬
en:argentina,AR,ğŸ‡¦ğŸ‡·
en:luxembourg,LU,ğŸ‡±ğŸ‡º
en:denmark,DK,ğŸ‡©ğŸ‡°
en:new-zealand,NZ,ğŸ‡³ğŸ‡¿
en:saudi-arabia,SA,ğŸ‡¸ğŸ‡¦
en:thailand,TH,ğŸ‡¹ğŸ‡­
en:hungary,HU,ğŸ‡­ğŸ‡º
en:greece,GR,ğŸ‡¬ğŸ‡·
en:singapore,SG,ğŸ‡¸ğŸ‡¬
en:algeria,DZ,ğŸ‡©ğŸ‡¿
en:south-africa,ZA,ğŸ‡¿ğŸ‡¦
en:lithuania,LT,ğŸ‡±ğŸ‡¹
en:colombia,CO,ğŸ‡¨ğŸ‡´
en:croatia,HR,ğŸ‡­ğŸ‡·
en:philippines,PH,ğŸ‡µğŸ‡­
en:indonesia,ID,ğŸ‡®ğŸ‡©
en:chile,CL,ğŸ‡¨ğŸ‡±
en:united-arab-emirates,AE,ğŸ‡¦ğŸ‡ª
en:qatar,QA,ğŸ‡¶ğŸ‡¦
en:slovakia,SK,ğŸ‡¸ğŸ‡°
en:israel,IL,ğŸ‡®ğŸ‡±
en:ukraine,UA,ğŸ‡ºğŸ‡¦
en:bolivia,BO,ğŸ‡§ğŸ‡´
en:turkey,TR,ğŸ‡¹ğŸ‡·
en:tunisia,TN,ğŸ‡¹ğŸ‡³
en:serbia,RS,ğŸ‡·ğŸ‡¸
en:malaysia,MY,ğŸ‡²ğŸ‡¾
en:iraq,IQ,ğŸ‡®ğŸ‡¶
en:egypt,EG,ğŸ‡ªğŸ‡¬
en:slovenia,SI,ğŸ‡¸ğŸ‡®
en:estonia,EE,ğŸ‡ªğŸ‡ª
en:kuwait,KW,ğŸ‡°ğŸ‡¼
en:latvia,LV,ğŸ‡±ğŸ‡»
en:peru,PE,ğŸ‡µğŸ‡ª
en:lebanon,LB,ğŸ‡±ğŸ‡§
en:costa-rica,CR,ğŸ‡¨ğŸ‡·
en:south-korea,KR,ğŸ‡°ğŸ‡·
en:cyprus,CY,ğŸ‡¨ğŸ‡¾
en:georgia,GE,ğŸ‡¬ğŸ‡ª
en:cuba,CU,ğŸ‡¨ğŸ‡º
en:iceland,IS,ğŸ‡®ğŸ‡¸
en:panama,PA,ğŸ‡µğŸ‡¦
en:ecuador,EC,ğŸ‡ªğŸ‡¨
en:china,CN,ğŸ‡¨ğŸ‡³
en:senegal,SN,ğŸ‡¸ğŸ‡³
en:dominican-republic,DO,ğŸ‡©ğŸ‡´
en:moldova,MD,ğŸ‡²ğŸ‡©
en:mauritius,MU,ğŸ‡²ğŸ‡º
en:malta,MT,ğŸ‡²ğŸ‡¹
en:pakistan,PK,ğŸ‡µğŸ‡°
en:uruguay,UY,ğŸ‡ºğŸ‡¾
en:venezuela,VE,ğŸ‡»ğŸ‡ª
en:cote-d-ivoire,CI,ğŸ‡¨ğŸ‡®
en:vietnam,VN,ğŸ‡»ğŸ‡³
en:turkiye,TR,ğŸ‡¹ğŸ‡·
en:deutschland,DE,ğŸ‡©ğŸ‡ª
en:paraguay,PY,ğŸ‡µğŸ‡¾
en:el-salvador,SV,ğŸ‡¸ğŸ‡»
en:andorra,AD,ğŸ‡¦ğŸ‡©
en:belarus,BY,ğŸ‡§ğŸ‡¾
en:bosnia-and-herzegovina,BA,ğŸ‡§ğŸ‡¦
en:jordan,JO,ğŸ‡¯ğŸ‡´
en:north-macedonia,MK,ğŸ‡²ğŸ‡°
en:albania,AL,ğŸ‡¦ğŸ‡±
en:guatemala,GT,ğŸ‡¬ğŸ‡¹
en:libya,LY,ğŸ‡±ğŸ‡¾
en:bahrain,BH,ğŸ‡§ğŸ‡­
en:iran,IR,ğŸ‡®ğŸ‡·
en:honduras,HN,ğŸ‡­ğŸ‡³
en:cameroon,CM,ğŸ‡¨ğŸ‡²
en:kazakhstan,KZ,ğŸ‡°ğŸ‡¿
en:trinidad-and-tobago,TT,ğŸ‡¹ğŸ‡¹
en:nigeria,NG,ğŸ‡³ğŸ‡¬
en:francia,FR,ğŸ‡«ğŸ‡·
en:azerbaijan,AZ,ğŸ‡¦ğŸ‡¿
en:bangladesh,BD,ğŸ‡§ğŸ‡©
en:uzbekistan,UZ,ğŸ‡ºğŸ‡¿
en:ethiopia,ET,ğŸ‡ªğŸ‡¹
en:jamaica,JM,ğŸ‡¯ğŸ‡²
en:frankreich,FR,ğŸ‡«ğŸ‡·
en:montenegro,ME,ğŸ‡²ğŸ‡ª
en:cambodia,KH,ğŸ‡°ğŸ‡­
en:madagascar,MG,ğŸ‡²ğŸ‡¬
en:kenya,KE,ğŸ‡°ğŸ‡ª
en:somalia,SO,ğŸ‡¸ğŸ‡´
en:oman,OM,ğŸ‡´ğŸ‡²
en:sri-lanka,LK,ğŸ‡±ğŸ‡°
en:ghana,GH,ğŸ‡¬ğŸ‡­
en:gabon,GA,ğŸ‡¬ğŸ‡¦
en:democratic-republic-of-the-congo,CD,ğŸ‡¨ğŸ‡©
en:nicaragua,NI,ğŸ‡³ğŸ‡®
en:brunei,BN,ğŸ‡§ğŸ‡³
en:burkina-faso,BF,ğŸ‡§ğŸ‡«
en:suriname,SR,ğŸ‡¸ğŸ‡·
en:monaco,MC,ğŸ‡²ğŸ‡¨
en:afghanistan,AF,ğŸ‡¦ğŸ‡«
en:armenia,AM,ğŸ‡¦ğŸ‡²
fr:francia,FR,ğŸ‡«ğŸ‡·
en:myanmar,MM,ğŸ‡²ğŸ‡²
en:mongolia,MN,ğŸ‡²ğŸ‡³
en:mali,ML,ğŸ‡²ğŸ‡±
en:belgique,BE,ğŸ‡§ğŸ‡ª
en:nepal,NP,ğŸ‡³ğŸ‡µ
en:schweiz,CH,ğŸ‡¨ğŸ‡­
en:barbados,BB,ğŸ‡§ğŸ‡§
en:maldives,MV,ğŸ‡²ğŸ‡»
en:haiti,HT,ğŸ‡­ğŸ‡¹
en:the-bahamas,BS,ğŸ‡§ğŸ‡¸
en:estados-unidos,US,ğŸ‡ºğŸ‡¸
en:benin,BJ,ğŸ‡§ğŸ‡¯
en:syria,SY,ğŸ‡¸ğŸ‡¾
en:kyrgyzstan,KG,ğŸ‡°ğŸ‡¬
en:guinea,GN,ğŸ‡¬ğŸ‡³
en:etats-unis,US,ğŸ‡ºğŸ‡¸
en:togo,TG,ğŸ‡¹ğŸ‡¬
en:yemen,YE,ğŸ‡¾ğŸ‡ª
en:zambia,ZM,ğŸ‡¿ğŸ‡²
en:republic-of-the-congo,CG,ğŸ‡¨ğŸ‡¬
en:sierra-leone,SL,ğŸ‡¸ğŸ‡±
en:rwanda,RW,ğŸ‡·ğŸ‡¼
en:liechtenstein,LI,ğŸ‡±ğŸ‡®
en:mauritania,MR,ğŸ‡²ğŸ‡·
en:papua-new-guinea,PG,ğŸ‡µğŸ‡¬
en:guyana,GY,ğŸ‡¬ğŸ‡¾
en:niger,NE,ğŸ‡³ğŸ‡ª
en:mozambique,MZ,ğŸ‡²ğŸ‡¿
en:san-marino,SM,ğŸ‡¸ğŸ‡²
en:republic-of-macedonia,MK,ğŸ‡²ğŸ‡°
en:nederland,NL,ğŸ‡³ğŸ‡±
en:suisse,CH,ğŸ‡¨ğŸ‡­
en:seychelles,SC,ğŸ‡¸ğŸ‡¨
en:tanzania,TZ,ğŸ‡¹ğŸ‡¿
en:espagne,ES,ğŸ‡ªğŸ‡¸
en:allemagne,DE,ğŸ‡©ğŸ‡ª
en:namibia,NA,ğŸ‡³ğŸ‡¦
en:kosovo,XK,ğŸ‡½ğŸ‡°
en:angola,AO,ğŸ‡¦ğŸ‡´
en:djibouti,DJ,ğŸ‡©ğŸ‡¯
fr:frankreich,FR,ğŸ‡«ğŸ‡·
en:fiji,FJ,ğŸ‡«ğŸ‡¯
en:maroc,MA,ğŸ‡²ğŸ‡¦
en:vereinigte-staaten-von-amerika,US,ğŸ‡ºğŸ‡¸
en:uganda,UG,ğŸ‡ºğŸ‡¬
en:saint-lucia,LC,ğŸ‡±ğŸ‡¨
en:×™×©×¨××œ,IL,ğŸ‡®ğŸ‡±
nl:belgie,BE,ğŸ‡§ğŸ‡ª
en:antigua-and-barbuda,AG,ğŸ‡¦ğŸ‡¬
en:cape-verde,CV,ğŸ‡¨ğŸ‡»
en:laos,LA,ğŸ‡±ğŸ‡¦
en:emirats-arabes-unis,AE,ğŸ‡¦ğŸ‡ª
en:irlande,IE,ğŸ‡®ğŸ‡ª
en:liban,LB,ğŸ‡±ğŸ‡§
en:indonesie,ID,ğŸ‡®ğŸ‡©
en:sudan,SD,ğŸ‡¸ğŸ‡©
en:zimbabwe,ZW,ğŸ‡¿ğŸ‡¼
en:tajikistan,TJ,ğŸ‡¹ğŸ‡¯
en:chad,TD,ğŸ‡¹ğŸ‡©
en:botswana,BW,ğŸ‡§ğŸ‡¼
en:belgie,BE,ğŸ‡§ğŸ‡ª
en:malawi,MW,ğŸ‡²ğŸ‡¼
de:allemagne,DE,ğŸ‡©ğŸ‡ª
en:vanuatu,VU,ğŸ‡»ğŸ‡º
en:algerie,DZ,ğŸ‡©ğŸ‡¿
en:frankrijk,FR,ğŸ‡«ğŸ‡·
en:irland,IE,ğŸ‡®ğŸ‡ª
en:belize,BZ,ğŸ‡§ğŸ‡¿
en:royaume-uni,GB,ğŸ‡¬ğŸ‡§
en:comoros,KM,ğŸ‡°ğŸ‡²
en:liberia,LR,ğŸ‡±ğŸ‡·
en:alemania,DE,ğŸ‡©ğŸ‡ª
en:belgien,BE,ğŸ‡§ğŸ‡ª
en:à¸›à¸£à¸°à¹€à¸—à¸¨à¹„à¸—à¸¢-thai,TH,ğŸ‡¹ğŸ‡­
en:saint-vincent-and-the-grenadines,VC,ğŸ‡»ğŸ‡¨
en:north-korea,KP,ğŸ‡°ğŸ‡µ
en:polska,PL,ğŸ‡µğŸ‡±
en:equatorial-guinea,GQ,ğŸ‡¬ğŸ‡¶
en:belgica,BE,ğŸ‡§ğŸ‡ª
en:grenada,GD,ğŸ‡¬ğŸ‡©
fr:deutschland,DE,ğŸ‡©ğŸ‡ª
en:niederlande,NL,ğŸ‡³ğŸ‡±
en:kanada,CA,ğŸ‡¨ğŸ‡¦
en:sverige,SE,ğŸ‡¸ğŸ‡ª
en:suiza,CH,ğŸ‡¨ğŸ‡­
en:bhutan,BT,ğŸ‡§ğŸ‡¹
en:dominica,DM,ğŸ‡©ğŸ‡²
en:stati-uniti-d-america,US,ğŸ‡ºğŸ‡¸
fr:schweiz,CH,ğŸ‡¨ğŸ‡­
en:spanien,ES,ğŸ‡ªğŸ‡¸
en:Äesko,CZ,ğŸ‡¨ğŸ‡¿
en:gambia,GM,ğŸ‡¬ğŸ‡²
en:Ğ½Ğ¸Ğ´ĞµÑ€Ğ»Ğ°Ğ½Ğ´Ñ‹,NL,ğŸ‡³ğŸ‡±
en:south-sudan,SS,ğŸ‡¸ğŸ‡¸
en:reino-unido,GB,ğŸ‡¬ğŸ‡§
en:burundi,BI,ğŸ‡§ğŸ‡®
en:æ—¥æœ¬,JP,ğŸ‡¯ğŸ‡µ
fr:belgien,BE,ğŸ‡§ğŸ‡ª
fr:belgica,BE,ğŸ‡§ğŸ‡ª
en:central-african-republic,CF,ğŸ‡¨ğŸ‡«
en:palau,PW,ğŸ‡µğŸ‡¼
en:ÎµÎ»Î»Î¬Î´Î±,GR,ğŸ‡¬ğŸ‡·
en:Ø§Ù„Ù…ØºØ±Ø¨,MA,ğŸ‡²ğŸ‡¦
en:saint-kitts-and-nevis,KN,ğŸ‡°ğŸ‡³
en:stany-zjednoczone,US,ğŸ‡ºğŸ‡¸
en:turkmenistan,TM,ğŸ‡¹ğŸ‡²
en:marruecos,MA,ğŸ‡²ğŸ‡¦
en:timor-leste,TL,ğŸ‡¹ğŸ‡±
en:espanha,ES,ğŸ‡ªğŸ‡¸
de:Å¡vÃ½carsko,CH,ğŸ‡¨ğŸ‡­
de:autriche,AT,ğŸ‡¦ğŸ‡¹
en:hrvatska,HR,ğŸ‡­ğŸ‡·
en:st-kitts-and-nevis,KN,ğŸ‡°ğŸ‡³
en:lesotho,LS,ğŸ‡±ğŸ‡¸
de:Äesko,CZ,ğŸ‡¨ğŸ‡¿
en:italien,IT,ğŸ‡®ğŸ‡¹
de:nÄ›mecko,DE,ğŸ‡©ğŸ‡ª
en:mexique,MX,ğŸ‡²ğŸ‡½
en:tunisie,TN,ğŸ‡¹ğŸ‡³
en:vatican-city,VA,ğŸ‡»ğŸ‡¦
fr:polska,PL,ğŸ‡µğŸ‡±
en:samoa,WS,ğŸ‡¼ğŸ‡¸
fr:frankrijk,FR,ğŸ‡«ğŸ‡·
en:vereinigtes-konigreich,GB,ğŸ‡¬ğŸ‡§
en:antarctic,AQ,ğŸ‡¦ğŸ‡¶
en:francja,FR,ğŸ‡«ğŸ‡·
en:solomon-islands,SB,ğŸ‡¸ğŸ‡§
en:eritrea,ER,ğŸ‡ªğŸ‡·
en:franca,FR,ğŸ‡«ğŸ‡·
en:argentina-espanol,AR,ğŸ‡¦ğŸ‡·
en:canada-francais,CA,ğŸ‡¨ğŸ‡¦
en:malaysia-bahasa-melayu,MY,ğŸ‡²ğŸ‡¾
en:mexico-espanol,MX,ğŸ‡²ğŸ‡½
en:peru-espanol,PE,ğŸ‡µğŸ‡ª
en:russia-Ñ€ÑƒÑÑĞºĞ¸Ğ¹,RU,ğŸ‡·ğŸ‡º
en:south-africa-english,ZA,ğŸ‡¿ğŸ‡¦
en:china-ä¸­æ–‡,CN,ğŸ‡¨ğŸ‡³
en:georgia-áƒ¥áƒáƒ áƒ—áƒ£áƒšáƒ˜,GE,ğŸ‡¬ğŸ‡ª
en:indonesia-bahasa-indonesia,ID,ğŸ‡®ğŸ‡©
en:colombia-espanol,CO,ğŸ‡¨ğŸ‡´
en:japan-æ—¥æœ¬èª,JP,ğŸ‡¯ğŸ‡µ
en:namibia-english,NA,ğŸ‡³ğŸ‡¦
en:north-macedonia-Ğ¼Ğ°ĞºĞµĞ´Ğ¾Ğ½ÑĞºĞ¸-Ñ˜Ğ°Ğ·Ğ¸Ğº,MK,ğŸ‡²ğŸ‡°
en:portugal-portugues,PT,ğŸ‡µğŸ‡¹
en:singapore-english,SG,ğŸ‡¸ğŸ‡¬
en:sweden-svenska,SE,ğŸ‡¸ğŸ‡ª
en:ëŒ€í•œë¯¼êµ­,KR,ğŸ‡°ğŸ‡·
en:arabie-saoudite,SA,ğŸ‡¸ğŸ‡¦
en:ĞºĞ°Ğ·Ğ°Ñ…ÑÑ‚Ğ°Ğ½,KZ,ğŸ‡°ğŸ‡¿
en:ecuador-espanol,EC,ğŸ‡ªğŸ‡¨
en:netherlands-nederlands,NL,ğŸ‡³ğŸ‡±
en:slovak-republic-slovenÄina,SK,ğŸ‡¸ğŸ‡°
en:Ø§Ù„Ø§Ø±Ø¯Ù†,JO,ğŸ‡¯ğŸ‡´
en:njemaÄka,DE,ğŸ‡©ğŸ‡ª
en:armenia-pyÑÑĞºĞ¸Ğ¹,AM,ğŸ‡¦ğŸ‡²
en:canada-english,CA,ğŸ‡¨ğŸ‡¦
en:denmark-dansk,DK,ğŸ‡©ğŸ‡°
en:finland-suomi,FI,ğŸ‡«ğŸ‡®
en:lesotho-english,LS,ğŸ‡±ğŸ‡¸
en:spain-espanol,ES,ğŸ‡ªğŸ‡¸
en:uruguay-espanol,UY,ğŸ‡ºğŸ‡¾
en:bulgarien,BG,ğŸ‡§ğŸ‡¬
en:sao-tome-and-principe,ST,ğŸ‡¸ğŸ‡¹
en:australia-english,AU,ğŸ‡¦ğŸ‡º
en:lithuania-lietuviÅ³,LT,ğŸ‡±ğŸ‡¹
en:slovenia-slovene,SI,ğŸ‡¸ğŸ‡®
en:switzerland-deutsch,CH,ğŸ‡¨ğŸ‡­
en:switzerland-francais,CH,ğŸ‡¨ğŸ‡­
en:bulgaria-Ğ±ÑŠĞ»Ğ³Ğ°Ñ€ÑĞºĞ¸,BG,ğŸ‡§ğŸ‡¬
en:czech-republic-ÄeÅ¡tina,CZ,ğŸ‡¨ğŸ‡¿
en:honduras-espanol,HN,ğŸ‡­ğŸ‡³
en:moldova-roman,MD,ğŸ‡²ğŸ‡©
en:philippines-english,PH,ğŸ‡µğŸ‡­
en:belgium-nederlands,BE,ğŸ‡§ğŸ‡ª
en:lebanon-english,LB,ğŸ‡±ğŸ‡§
en:poland-polski,PL,ğŸ‡µğŸ‡±
en:belgium-francais,BE,ğŸ‡§ğŸ‡ª
en:cambodia-english,KH,ğŸ‡°ğŸ‡­
en:chile-espanol,CL,ğŸ‡¨ğŸ‡±
en:germany-deutsch,DE,ğŸ‡©ğŸ‡ª
en:ireland-english,IE,ğŸ‡®ğŸ‡ª
en:kazakhstan-pyÑÑĞºĞ¸Ğ¹,KZ,ğŸ‡°ğŸ‡¿
en:azerbaijan-Ñ€ÑƒÑÑĞºĞ¸Ğ¹,AZ,ğŸ‡¦ğŸ‡¿
en:bolivia-espanol,BO,ğŸ‡§ğŸ‡´
en:jamaica-english,JM,ğŸ‡¯ğŸ‡²
en:mongolia-Ğ¼Ğ¾Ğ½Ğ³Ğ¾Ğ»-Ñ…ÑĞ»,MN,ğŸ‡²ğŸ‡³
en:niemcy,DE,ğŸ‡©ğŸ‡ª
en:belarus-pyÑÑĞºĞ¸Ğ¹,BY,ğŸ‡§ğŸ‡¾
en:croatia-hrvatski,HR,ğŸ‡­ğŸ‡·
en:republica-dominicana-espanol,DO,ğŸ‡©ğŸ‡´
en:venezuela-espanol,VE,ğŸ‡»ğŸ‡ª
en:tonga,TO,ğŸ‡¹ğŸ‡´
en:ã‚¢ãƒ¡ãƒªã‚«åˆè¡†å›½,US,ğŸ‡ºğŸ‡¸
en:cyprus-ÎµÎ»Î»Î·Î½Î¹ÎºÎ¬,CY,ğŸ‡¨ğŸ‡¾
en:france-francais,FR,ğŸ‡«ğŸ‡·
en:iceland-islenska,IS,ğŸ‡®ğŸ‡¸
en:new-zealand-english,NZ,ğŸ‡³ğŸ‡¿
en:united-kingdom-english,GB,ğŸ‡¬ğŸ‡§
en:united-states-espanol,US,ğŸ‡ºğŸ‡¸
en:verenigde-staten-van-amerika,US,ğŸ‡ºğŸ‡¸
en:Ğ³ĞµÑ€Ğ¼Ğ°Ğ½Ğ¸Ñ,DE,ğŸ‡©ğŸ‡ª
en:irska,IE,ğŸ‡®ğŸ‡ª
en:sjedinjene-ameriÄke-drÅ¾ave,US,ğŸ‡ºğŸ‡¸
de:rakousko,AT,ğŸ‡¦ğŸ‡¹
en:austria-deutsch,AT,ğŸ‡¦ğŸ‡¹
en:bosnia-i-hercegovina-bosnian,BA,ğŸ‡§ğŸ‡¦
en:brazil-portugues,BR,ğŸ‡§ğŸ‡·
en:costa-rica-espanol,CR,ğŸ‡¨ğŸ‡·
en:guatemala-espanol,GT,ğŸ‡¬ğŸ‡¹
en:india-english,IN,ğŸ‡®ğŸ‡³
en:italy-italiano,IT,ğŸ‡®ğŸ‡¹
en:paraguay-espanol,PY,ğŸ‡µğŸ‡¾
en:trinidad-tobago-english,TT,ğŸ‡¹ğŸ‡¹
en:turkey-turkce,TR,ğŸ‡¹ğŸ‡·
en:ukraine-yĞºÑ€Ğ°Ñ—ÌĞ½ÑÑŒĞºĞ°,UA,ğŸ‡ºğŸ‡¦
en:marshall-islands,MH,ğŸ‡²ğŸ‡­
en:botswana-english,BW,ğŸ‡§ğŸ‡¼
en:hungary-magyar,HU,ğŸ‡­ğŸ‡º
en:israel-×¢×‘×¨×™×ª,IL,ğŸ‡®ğŸ‡±
en:korea-í•œêµ­ì–´,KR,ğŸ‡°ğŸ‡·
en:serbia-srpski,RS,ğŸ‡·ğŸ‡¸
en:united-states-english,US,ğŸ‡ºğŸ‡¸
en:Ø§Ù„Ø³Ø¹ÙˆØ¯ÙŠØ©,SA,ğŸ‡¸ğŸ‡¦
en:spagna,ES,ğŸ‡ªğŸ‡¸
en:romania-romanÄƒ,RO,ğŸ‡·ğŸ‡´
en:vietnam-tiáº¿ng-viá»‡t,VN,ğŸ‡»ğŸ‡³
en:francuska,FR,ğŸ‡«ğŸ‡·
en:estonia-eesti,EE,ğŸ‡ªğŸ‡ª
en:greece-ÎµÎ»Î»Î·Î½Î¹ÎºÎ¬,GR,ğŸ‡¬ğŸ‡·
en:latvia-latvieÅ¡u,LV,ğŸ‡±ğŸ‡»
en:malaysia-ä¸­æ–‡,MY,ğŸ‡²ğŸ‡¾
en:norway-norsk,NO,ğŸ‡³ğŸ‡´
en:thailand-à¹„à¸—à¸¢,TH,ğŸ‡¹ğŸ‡­
fr:suiza,CH,ğŸ‡¨ğŸ‡­
de:rÃ©publique-tchÃ¨que,CZ,ğŸ‡¨ğŸ‡¿
en:cambodia-á—á¶áŸá¶ááŸ’á˜áŸ‚áš,KH,ğŸ‡°ğŸ‡­
en:el-salvador-espanol,SV,ğŸ‡¸ğŸ‡»
en:ghana-english,GH,ğŸ‡¬ğŸ‡­
en:kyrgyzstan-Ñ€ÑƒÑÑĞºĞ¸Ğ¹,KG,ğŸ‡°ğŸ‡¬
en:malaysia-english,MY,ğŸ‡²ğŸ‡¾
en:nicaragua-espanol,NI,ğŸ‡³ğŸ‡®
en:panama-espanol,PA,ğŸ‡µğŸ‡¦
en:zambia-english,ZM,ğŸ‡¿ğŸ‡²
en:Å¡vicarska,CH,ğŸ‡¨ğŸ‡­
